Title,Image URL,Image Path
СКОВОРОДА НМП ЛИТАЯ БЛИННАЯ КОТ 22 ПР АРТ 6222КТ,/upload/resize_cache/webp/250_250_1/skovoroda_nmp_litaya_blinnaya_kot_22_pr_art_6222kt.webp,carefood_img\СКОВОРОДАНМПЛИТАЯБЛИННАЯКОТ22ПРАРТ6222КТcarefood
СКОВОРОДА НМП ЛИТАЯ БЛИННАЯ СОЛНЦЕ 24 ПР АРТ 6224СЛ,/upload/resize_cache/webp/250_250_1/skovoroda_nmp_litaya_blinnaya_solntse_24_pr_art_6224sl.webp,carefood_img\СКОВОРОДАНМПЛИТАЯБЛИННАЯСОЛНЦЕ24ПРАРТ6224СЛcarefood
СКОВОРОДА НМП ЛИТАЯ ПОЛИМЕР-КЕРАМ 20 ПР С/РУЧКА АРТ 9020,/upload/resize_cache/webp/250_250_1/skovoroda_nmp_litaya_polimer_keram_20_pr_s_ruchka_art_9020.webp,carefood_img\СКОВОРОДАНМПЛИТАЯПОЛИМЕРКЕРАМ20ПРСРУЧКААРТ9020carefood
СКОВОРОДА НМП TITAN КВАДРАТ ГРИЛЬ ПОЛ-КЕРАМ С/Р 28 АРТ94028G,/upload/resize_cache/webp/250_250_1/skovoroda_nmp_titan_kvadrat_gril_pol_keram_s_r_28_art94028g.webp,carefood_img\СКОВОРОДАНМПTITANКВАДРАТГРИЛЬПОЛКЕРАМСР28АРТ94028Gcarefood
СКОВОРОДА НМП ЛИТАЯ ИНДУКЦИЯ C/Р 28 АРТ L08028I,/upload/resize_cache/webp/250_250_1/4630055754366.webp,carefood_img\СКОВОРОДАНМПЛИТАЯИНДУКЦИЯCР28АРТL08028Icarefood
КАСТРЮЛЯ НМП КАЗАН ПР ЛИТАЯ С КРЫШКОЙ-СКОВОРОДОЙ 3Л АРТ 6830,/upload/resize_cache/webp/250_250_1/kastryulya_nmp_kazan_pr_litaya_s_kryshkoy_skovorodoy_3l_art_6830.webp,carefood_img\КАСТРЮЛЯНМПКАЗАНПРЛИТАЯСКРЫШКОЙСКОВОРОДОЙ3ЛАРТ6830carefood
ШАШЛЫК ИЗ БАРАНИНЫ МАРИНОВ П/Ф (1444),/upload/resize_cache/webp/250_250_1/shashlyk_iz_baraniny_marinov_p_f_1444.webp,carefood_img\ШАШЛЫКИЗБАРАНИНЫМАРИНОВПФ1444carefood
ШКАТУЛКА ДЛЯ УКРАШЕНИЙ № 0122,/upload/resize_cache/webp/250_250_1/shkatulka_dlya_ukrasheniy_0122.webp,carefood_img\ШКАТУЛКАДЛЯУКРАШЕНИЙ0122carefood
ШКАТУЛКА №67-20-21,/upload/resize_cache/webp/250_250_1/shkatulka_67_20_21.webp,carefood_img\ШКАТУЛКА672021carefood
ШКАТУЛКА ДЛЯ УКРАШЕНИЙ № ЦВЕТЫ №2,/upload/resize_cache/webp/250_250_1/shkatulka_dlya_ukrasheniy_tsvety_2.webp,carefood_img\ШКАТУЛКАДЛЯУКРАШЕНИЙЦВЕТЫ2carefood
ШКАТУЛКА №0116,/upload/resize_cache/webp/250_250_1/shkatulka_0116.webp,carefood_img\ШКАТУЛКА0116carefood
ШКАТУЛКА КОМОД БОЛЬШАЯ,/upload/resize_cache/webp/250_250_1/shkatulka_komod_bolshaya.webp,carefood_img\ШКАТУЛКАКОМОДБОЛЬШАЯcarefood
ШКАТУЛКА ДЛЯ УКРАШЕНИЙ № 0179,/upload/resize_cache/webp/250_250_1/shkatulka_dlya_ukrasheniy_0179.webp,carefood_img\ШКАТУЛКАДЛЯУКРАШЕНИЙ0179carefood
ШКАТУЛКА ДЛЯ УКРАШЕНИЙ № 030-1,/upload/resize_cache/webp/250_250_1/shkatulka_dlya_ukrasheniy_030_1.webp,carefood_img\ШКАТУЛКАДЛЯУКРАШЕНИЙ0301carefood
ШКАТУЛКА ДЛЯ УКРАШЕНИЙ № ЦВЕТЫ №1,/upload/resize_cache/webp/250_250_1/shkatulka_dlya_ukrasheniy_tsvety_1.webp,carefood_img\ШКАТУЛКАДЛЯУКРАШЕНИЙЦВЕТЫ1carefood
ВОДА VITA НЕГАЗ 5Л,/upload/resize_cache/webp/250_250_1/voda_vita_negaz_5l.webp,carefood_img\ВОДАVITAНЕГАЗ5Лcarefood
ШКАТУЛКА АРТ620,/upload/resize_cache/webp/250_250_1/shkatulka_art620.webp,carefood_img\ШКАТУЛКААРТ620carefood
НАПИТОК ПЕПСИ 1Л,/upload/resize_cache/webp/250_250_1/napitok_pepsi_1l.webp,carefood_img\НАПИТОКПЕПСИ1Лcarefood
"СОК GRACIO ЗЕЛЕНОЕ ЯБЛОКО 0,95Л",/upload/resize_cache/webp/250_250_1/sok_gracio_zelenoe_yabloko_0_95l.webp,carefood_img\СОКGRACIOЗЕЛЕНОЕЯБЛОКО095Лcarefood
БУЛОЧКА С ЯБЛОКОМ 60ГР ШТ (1908),/upload/resize_cache/webp/250_250_1/bulochka_s_yablokom_60gr_sht_1908.webp,carefood_img\БУЛОЧКАСЯБЛОКОМ60ГРШТ1908carefood
БУЛОЧКА С КУРАГОЙ 60ГР ШТ (1903),/upload/resize_cache/webp/250_250_1/bulochka_s_kuragoy_60gr_sht_1903.webp,carefood_img\БУЛОЧКАСКУРАГОЙ60ГРШТ1903carefood
БУЛОЧКА РОГ СО СГУЩЕНКОЙ 60ГР ШТ (1896),/upload/resize_cache/webp/250_250_1/bulochka_rog_so_sgushchenkoy_60gr_sht_1896.webp,carefood_img\БУЛОЧКАРОГСОСГУЩЕНКОЙ60ГРШТ1896carefood
НАПИТОК SANTAL КРАСНЫЙ СИЦИЛИЙСКИЙ АПЕЛЬСИН 1Л,/bitrix/templates/retail/components/bitrix/catalog.section/catalog-list/images/no_photo.png,carefood_img\НАПИТОКSANTALКРАСНЫЙСИЦИЛИЙСКИЙАПЕЛЬСИН1Лcarefood
СУР-ЕТ ПЕРВОМАЙСКИЕ ДЕЛИКАТЕСЫ НАРЕЗКА С/К В/С В/У ШТ,/bitrix/templates/retail/components/bitrix/catalog.section/catalog-list/images/no_photo.png,carefood_img\СУРЕТПЕРВОМАЙСКИЕДЕЛИКАТЕСЫНАРЕЗКАСКВСВУШТcarefood
МАНГО ТАЙСКОЕ BEST THAI FRUITS ДОЛЬКИ ЦЕЛЬНЫЕ 500ГР,/upload/resize_cache/webp/250_250_1/mango_tayskoe_best_thai_fruits_dolki_tselnye_500gr.webp,carefood_img\МАНГОТАЙСКОЕBESTTHAIFRUITSДОЛЬКИЦЕЛЬНЫЕ500ГРcarefood
КАТЛАМА DIAMANT 5ШТ,/upload/resize_cache/webp/250_250_1/katlama_diamant_5sht.webp,carefood_img\КАТЛАМАDIAMANT5ШТcarefood
ТЕСТО АЛТЫН САПА СЛОЕНОЕ 1 КГ,/upload/resize_cache/webp/250_250_1/testo_altyn_sapa_sloenoe_1_kg.webp,carefood_img\ТЕСТОАЛТЫНСАПАСЛОЕНОЕ1КГcarefood
ВИСКИ JOHNNIE WALKER RED LABEL BLENDED SCO WHISKEY 700МЛ 40%,/upload/resize_cache/webp/250_250_1/viski_johnnie_walker_red_label_blended_sco_whiskey_700ml_40.webp,carefood_img\ВИСКИJOHNNIEWALKERREDLABELBLENDEDSCOWHISKEY700МЛ40carefood
НАБОР ПОДАРОЧН THE CHEMICAL BARBERS Д/МУЖЧИН АЙС,/bitrix/templates/retail/components/bitrix/catalog.section/catalog-list/images/no_photo.png,carefood_img\НАБОРПОДАРОЧНTHECHEMICALBARBERSДМУЖЧИНАЙСcarefood
БУЛОЧКА МИНИ ШТ 50 ГР (2106),/upload/resize_cache/webp/250_250_1/5c51111e660111e780b70cc47a9a8711_ece81467c6ff11edbfa700155d006401.webp,carefood_img\БУЛОЧКАМИНИШТ50ГР2106carefood
КОНФЕТЫ РАХАТГРИЛЬЯЖ В ШОКОЛАДЕ 200ГР,/bitrix/templates/retail/components/bitrix/catalog.section/catalog-list/images/no_photo.png,carefood_img\КОНФЕТЫРАХАТГРИЛЬЯЖВШОКОЛАДЕ200ГРcarefood
МАСКАРПОНЕ PRETTO 80% 500ГР,/upload/resize_cache/webp/250_250_1/maskarpone_pretto_80_500gr.webp,carefood_img\МАСКАРПОНЕPRETTO80500ГРcarefood
СОК RICH ГРЕЙПФРУТ 1Л,/upload/resize_cache/webp/250_250_1/sok_rich_greypfrut_1l.webp,carefood_img\СОКRICHГРЕЙПФРУТ1Лcarefood
БУЛОЧКА СИМИТ ШТ 100 ГР (1909),/upload/resize_cache/webp/250_250_1/835bda5fc7d211ea81040cc47a9a8711_86a31711a38211edbfa600155d006401.webp,carefood_img\БУЛОЧКАСИМИТШТ100ГР1909carefood
БУЛОЧКА Д/ХОТ ДОГОВ АЛИЯ 4ШТ,/upload/resize_cache/webp/250_250_1/bulochka_d_khot_dogov_aliya_4sht.webp,carefood_img\БУЛОЧКАДХОТДОГОВАЛИЯ4ШТcarefood
НАПИТОК SANTAL ЛЕСНЫЕ ЯГОДЫ 1Л,/bitrix/templates/retail/components/bitrix/catalog.section/catalog-list/images/no_photo.png,carefood_img\НАПИТОКSANTALЛЕСНЫЕЯГОДЫ1Лcarefood
"НАПИТОК COCA COLA 1,5Л",/upload/resize_cache/webp/250_250_1/napitok_coca_cola_1_5l.webp,carefood_img\НАПИТОКCOCACOLA15Лcarefood
МАНГО ТАЙСКОЕ МЯКОТЬ BEST THAI FRUITS 500ГР,/upload/resize_cache/webp/250_250_1/mango_tayskoe_myakot_best_thai_fruits_500gr.webp,carefood_img\МАНГОТАЙСКОЕМЯКОТЬBESTTHAIFRUITS500ГРcarefood
ОРГАНАЙЗЕР ДЛЯ ХРАНЕН ЖЕЛ РУЧКА МАЛ,/bitrix/templates/retail/components/bitrix/catalog.section/catalog-list/images/no_photo.png,carefood_img\ОРГАНАЙЗЕРДЛЯХРАНЕНЖЕЛРУЧКАМАЛcarefood
ГОЛЕНЬ МИРАТОРГ ЦБ 750ГР,/upload/resize_cache/webp/250_250_1/golen_miratorg_tsb_750gr.webp,carefood_img\ГОЛЕНЬМИРАТОРГЦБ750ГРcarefood
БУЛОЧКА С КОНФИТЮРОМ ИЗ ЧЕР СМОРОДИНЫ ШТ 70 ГР (1902),/upload/resize_cache/webp/250_250_1/bulochka_s_konfityurom_iz_cher_smorodiny_sht_70_gr_1902.webp,carefood_img\БУЛОЧКАСКОНФИТЮРОМИЗЧЕРСМОРОДИНЫШТ70ГР1902carefood
КЕТЧУП ОСТРЫЙ 3 ЖЕЛАНИЯ 250ГР Д/П,/upload/resize_cache/webp/250_250_1/ketchup_ostryy_3_zhelaniya_250gr_d_p.webp,carefood_img\КЕТЧУПОСТРЫЙ3ЖЕЛАНИЯ250ГРДПcarefood
ПЮРЕ ЯГОДНОЕ АЙСКРО МАЛИНА Б/САХ 500ГР,/bitrix/templates/retail/components/bitrix/catalog.section/catalog-list/images/no_photo.png,carefood_img\ПЮРЕЯГОДНОЕАЙСКРОМАЛИНАБСАХ500ГРcarefood
ПЮРЕ ЯГОДНОЕ КЛУБНИКА Б/САХ 500ГР,/bitrix/templates/retail/components/bitrix/catalog.section/catalog-list/images/no_photo.png,carefood_img\ПЮРЕЯГОДНОЕКЛУБНИКАБСАХ500ГРcarefood
"МАСЛО ПРЕЗИДЕНТ СОЛ. 80% 0,20КГ ФОЛЬГА",/upload/resize_cache/webp/250_250_1/maslo_prezident_sol_80_0_20kg_folga.webp,carefood_img\МАСЛОПРЕЗИДЕНТСОЛ80020КГФОЛЬГАcarefood
ПЮРЕ ФРУКТОВОЕ АЙСКРО МАНГО Б/САХ 500ГР,/bitrix/templates/retail/components/bitrix/catalog.section/catalog-list/images/no_photo.png,carefood_img\ПЮРЕФРУКТОВОЕАЙСКРОМАНГОБСАХ500ГРcarefood
КУМЫС АЛТАЙ 1Л,/upload/resize_cache/webp/250_250_1/kumys_altay_1l.webp,carefood_img\КУМЫСАЛТАЙ1Лcarefood
КАРАМЕЛЬ РАХАТ ГА ГА ГА 200ГР,/bitrix/templates/retail/components/bitrix/catalog.section/catalog-list/images/no_photo.png,carefood_img\КАРАМЕЛЬРАХАТГАГАГА200ГРcarefood
КОНФЕТЫ ШОКОЛАДНО-ВАФЕЛЬНЫЕ 200ГР,/bitrix/templates/retail/components/bitrix/catalog.section/catalog-list/images/no_photo.png,carefood_img\КОНФЕТЫШОКОЛАДНОВАФЕЛЬНЫЕ200ГРcarefood
БОНДЮЭЛЬ ФАСОЛЬ БЕЛАЯ В ТОМАТЕ 425МЛ,/upload/resize_cache/webp/250_250_1/bondyuel_fasol_belaya_v_tomate_425ml.webp,carefood_img\БОНДЮЭЛЬФАСОЛЬБЕЛАЯВТОМАТЕ425МЛcarefood
БОНДЮЭЛЬ ОГУРЦЫ 720МЛ. СТ/Б (6),/upload/resize_cache/webp/250_250_1/bondyuel_ogurtsy_720ml_st_b_6.webp,carefood_img\БОНДЮЭЛЬОГУРЦЫ720МЛСТБ6carefood
МАЙОНЕЗ 3 ЖЕЛАНИЯ ПРОВАНСАЛЬ 67% ВЕРТ 700ГР,/upload/resize_cache/webp/250_250_1/e5d38aa363e611e782507085c20d0d50_e62c119f7f7511ecbf9200155d006401.webp,carefood_img\МАЙОНЕЗ3ЖЕЛАНИЯПРОВАНСАЛЬ67ВЕРТ700ГРcarefood
БУЛОЧКА С МАЛИНОВЫМ КОНФИТЮРОМ ШТ 70 ГР (1904),/upload/resize_cache/webp/250_250_1/bulochka_s_malinovym_konfityurom_sht_70_gr_1904.webp,carefood_img\БУЛОЧКАСМАЛИНОВЫМКОНФИТЮРОМШТ70ГР1904carefood
"СОК YAN ТОМАТ 0,93Л СТ/Б",/upload/resize_cache/webp/250_250_1/sok_yan_tomat_0_93l_st_b.webp,carefood_img\СОКYANТОМАТ093ЛСТБcarefood
ТВОРОГ PRESIDENT ДОМАШН РАССЫПЧАТЫЙ 9% 450ГР,/upload/resize_cache/webp/250_250_1/0089aa6663e711e782507085c20d0d50_f2321d777f7511ecbf9200155d006401.webp,carefood_img\ТВОРОГPRESIDENTДОМАШНРАССЫПЧАТЫЙ9450ГРcarefood
КОНИНА ТУШЕНАЯ БИЖАН В/СОРТ 390ГР,/upload/resize_cache/webp/250_250_1/konina_tushenaya_bizhan_v_sort_390gr.webp,carefood_img\КОНИНАТУШЕНАЯБИЖАНВСОРТ390ГРcarefood
ПОЛОТЕНЦЕ PAPIA 3СЛ/4РУЛ,/upload/resize_cache/webp/250_250_1/polotentse_papia_3sl_4rul.webp,carefood_img\ПОЛОТЕНЦЕPAPIA3СЛ4РУЛcarefood
НАБОР ПОДАРОЧН THE CHEMICAL BARBERS Д/МУЖЧИН ЛИЦО И БОРОДА,/bitrix/templates/retail/components/bitrix/catalog.section/catalog-list/images/no_photo.png,carefood_img\НАБОРПОДАРОЧНTHECHEMICALBARBERSДМУЖЧИНЛИЦОИБОРОДАcarefood
"НАРЕЗКА САЛЯМИ АРОМАТ ПЕРВОМАЙСКИЕ ДЕЛИКАТЕСЫ С/К В/У 0,2КГ",/upload/resize_cache/webp/250_250_1/narezka_salyami_aromat_pervomayskie_delikatesy_s_k_v_u_0_2kg.webp,carefood_img\НАРЕЗКАСАЛЯМИАРОМАТПЕРВОМАЙСКИЕДЕЛИКАТЕСЫСКВУ02КГcarefood
ГОВЯДИНА ТУШЕНАЯ СЕМЕЙНЫЙ ЗАПАС В/С 338ГР,/upload/resize_cache/webp/250_250_1/govyadina_tushenaya_semeynyy_zapas_v_s_338gr.webp,carefood_img\ГОВЯДИНАТУШЕНАЯСЕМЕЙНЫЙЗАПАСВС338ГРcarefood
НЕКТАР BARINOFF ГРАНАТОВЫЙ РАЙ 1Л СТ/Б,/upload/resize_cache/webp/250_250_1/nektar_barinoff_granatovyy_ray_1l_st_b.webp,carefood_img\НЕКТАРBARINOFFГРАНАТОВЫЙРАЙ1ЛСТБcarefood
НАПИТОК КИСЛОМОЛ ТАНДЕМ ГАЗИР 1Л,/upload/resize_cache/webp/250_250_1/napitok_kislomol_tandem_gazir_1l.webp,carefood_img\НАПИТОККИСЛОМОЛТАНДЕМГАЗИР1Лcarefood
КАЗЫ УЛАН КОНСЕРВЫ 325ГР,/upload/resize_cache/webp/250_250_1/kazy_ulan_konservy_325gr.webp,carefood_img\КАЗЫУЛАНКОНСЕРВЫ325ГРcarefood
РЕШЕТКА ГРИЛЬ GOOD WOOD ПОХОДНАЯ 26*35СМ,/upload/resize_cache/webp/250_250_1/reshetka_gril_good_wood_pokhodnaya_26_35sm.webp,carefood_img\РЕШЕТКАГРИЛЬGOODWOODПОХОДНАЯ2635СМcarefood
ОГУРЦЫ ДЯДЯ ВАНЯ МАРИНОВ ПО-БЕРЛИНСКИ 720МЛ,/upload/resize_cache/webp/250_250_1/ogurtsy_dyadya_vanya_marinov_po_berlinski_720ml.webp,carefood_img\ОГУРЦЫДЯДЯВАНЯМАРИНОВПОБЕРЛИНСКИ720МЛcarefood
НАБОР ORGANIC SHOP ВИТАМИННЫЙ Д/ВОЛОС И ТЕЛА FRESH BAR,/upload/resize_cache/webp/250_250_1/nabor_organic_shop_vitaminnyy_d_volos_i_tela_fresh_bar.webp,carefood_img\НАБОРORGANICSHOPВИТАМИННЫЙДВОЛОСИТЕЛАFRESHBARcarefood
ОГУРЦЫ ТЕПЛИЧНЫЕ ВЕС,/upload/resize_cache/webp/6560p4ezsufqueed6w80mthamx09krui/ogurtsy_teplichnye_ves.webp,carefood_img\ОГУРЦЫТЕПЛИЧНЫЕВЕСcarefood
ШАМПУРЫ GOOD WOOD 45СМ,/upload/resize_cache/webp/250_250_1/shampury_good_wood_45sm.webp,carefood_img\ШАМПУРЫGOODWOOD45СМcarefood
СМОРОДИНА ЧЕРНАЯ КРАСКИ ЛЕТА 300ГР,/bitrix/templates/retail/components/bitrix/catalog.section/catalog-list/images/no_photo.png,carefood_img\СМОРОДИНАЧЕРНАЯКРАСКИЛЕТА300ГРcarefood
СЫР ГИЛЬДИЯ СЛАЙСЫ СВАЛЯ 200ГР,/upload/resize_cache/webp/250_250_1/syr_gildiya_slaysy_svalya_200gr.webp,carefood_img\СЫРГИЛЬДИЯСЛАЙСЫСВАЛЯ200ГРcarefood
СЫР БЕЛОВЕЖСКИЕ СЫРЫ ПИКОВАЯ ДАМА П/ТВ 45% ВЕС,/bitrix/templates/retail/components/bitrix/catalog.section/catalog-list/images/no_photo.png,carefood_img\СЫРБЕЛОВЕЖСКИЕСЫРЫПИКОВАЯДАМАПТВ45ВЕСcarefood
КОЛБАСА ЦАРИЦЫНО ЧОРИЗО НАРЕЗКА С/К 100ГР ВАК,/upload/resize_cache/webp/250_250_1/kolbasa_tsaritsyno_chorizo_narezka_s_k_100gr_vak.webp,carefood_img\КОЛБАСАЦАРИЦЫНОЧОРИЗОНАРЕЗКАСК100ГРВАКcarefood
ВИСКИ SCOTTISH COLLIE 3 YO 500МЛ + 1СТ 40%,/upload/resize_cache/webp/250_250_1/viski_scottish_collie_3_yo_500ml_1st_40.webp,carefood_img\ВИСКИSCOTTISHCOLLIE3YO500МЛ1СТ40carefood
КУМЫС BIOGOROD 1Л,/upload/resize_cache/webp/250_250_1/kumys_biogorod_1l.webp,carefood_img\КУМЫСBIOGOROD1Лcarefood
КОЛБАСА БИЖАН СЕРВЕЛАТ В/К В/С 500ГР,/upload/resize_cache/webp/250_250_1/kolbasa_bizhan_servelat_v_k_v_s_500gr.webp,carefood_img\КОЛБАСАБИЖАНСЕРВЕЛАТВКВС500ГРcarefood
СЫР ГОЛЛАНДСКИЙ НАРЕЗКА САВУШКИН 150ГР,/upload/resize_cache/webp/250_250_1/syr_gollandskiy_narezka_savushkin_150gr.webp,carefood_img\СЫРГОЛЛАНДСКИЙНАРЕЗКАСАВУШКИН150ГРcarefood
ПЮРЕ ЯГОДНОЕ АЙСКРО ЕЖЕВИКА Б/САХ 500ГР,/bitrix/templates/retail/components/bitrix/catalog.section/catalog-list/images/no_photo.png,carefood_img\ПЮРЕЯГОДНОЕАЙСКРОЕЖЕВИКАБСАХ500ГРcarefood
МАСЛИНЫ БЕЗ КОСТОЧКИ 300ГР,/upload/resize_cache/webp/250_250_1/masliny_bez_kostochki_300gr.webp,carefood_img\МАСЛИНЫБЕЗКОСТОЧКИ300ГРcarefood
БЕКОН ИНЕЙ НАРЕЗКА 100ГР ВАК,/bitrix/templates/retail/components/bitrix/catalog.section/catalog-list/images/no_photo.png,carefood_img\БЕКОНИНЕЙНАРЕЗКА100ГРВАКcarefood
НАПИТОК COCA COLA 2Л,/upload/resize_cache/webp/250_250_1/napitok_coca_cola_2l.webp,carefood_img\НАПИТОКCOCACOLA2Лcarefood
ТАРТАЛЕТКИ ОВАЛЬНЫЕ BONJOUR 130ГР,/upload/resize_cache/webp/250_250_1/tartaletki_ovalnye_bonjour_130gr.webp,carefood_img\ТАРТАЛЕТКИОВАЛЬНЫЕBONJOUR130ГРcarefood
УГОЛЬ БАТЫРЫЧ ДРЕВЕС/БЕРЕЗОВ В Б/МЕШК ПО 2КГ,/upload/resize_cache/webp/250_250_1/ugol_batyrych_dreves_berezov_v_b_meshk_po_2kg.webp,carefood_img\УГОЛЬБАТЫРЫЧДРЕВЕСБЕРЕЗОВВБМЕШКПО2КГcarefood
ГОВЯДИНА ТУШЕНАЯ БИЖАН П/СОРТ 390ГР КРЫШКА EASY OPEN,/upload/resize_cache/webp/250_250_1/govyadina_tushenaya_bizhan_p_sort_390gr_kryshka_easy_open.webp,carefood_img\ГОВЯДИНАТУШЕНАЯБИЖАНПСОРТ390ГРКРЫШКАEASYOPENcarefood
КАЗЫЛЫК ПЕРВОМАЙСКИЕ ДЕЛИКАТЕСЫ НАРЕЗКА В/К В/У ШТ,/upload/resize_cache/webp/250_250_1/kazylyk_pervomayskie_delikatesy_narezka_v_k_v_u_sht.webp,carefood_img\КАЗЫЛЫКПЕРВОМАЙСКИЕДЕЛИКАТЕСЫНАРЕЗКАВКВУШТcarefood
МАНГОСТИН ТАЙСКИЙ BEST THAI FRUITS 250ГР,/upload/resize_cache/webp/250_250_1/mangostin_tayskiy_best_thai_fruits_250gr.webp,carefood_img\МАНГОСТИНТАЙСКИЙBESTTHAIFRUITS250ГРcarefood
СОК GRACIO ЯБЛОКО/ГРАНАТ 1Л,/upload/resize_cache/webp/250_250_1/sok_gracio_yabloko_granat_1l.webp,carefood_img\СОКGRACIOЯБЛОКОГРАНАТ1Лcarefood
КОНФЕТЫ ГРИЛЬЯЖ АПЕЛЬСИНОВЫЙ В ШОКОЛАДЕ 200 ГР,/bitrix/templates/retail/components/bitrix/catalog.section/catalog-list/images/no_photo.png,carefood_img\КОНФЕТЫГРИЛЬЯЖАПЕЛЬСИНОВЫЙВШОКОЛАДЕ200ГРcarefood
КОЛБАСА БИЖАН ДОКТОРСКАЯ ВАР В/С 600ГР,/upload/resize_cache/webp/250_250_1/kolbasa_bizhan_doktorskaya_var_v_s_600gr.webp,carefood_img\КОЛБАСАБИЖАНДОКТОРСКАЯВАРВС600ГРcarefood
ГОРОШЕК 3 ЖЕЛАНИЯ ЗЕЛЕНЫЙ НЕЖНЫЙ КОНС 400ГР,/upload/resize_cache/webp/250_250_1/goroshek_3_zhelaniya_zelenyy_nezhnyy_kons_400gr.webp,carefood_img\ГОРОШЕК3ЖЕЛАНИЯЗЕЛЕНЫЙНЕЖНЫЙКОНС400ГРcarefood
КУКУРУЗА ПРИНЦЕССА ВКУСА В/C Ж/Б 425МЛ,/upload/resize_cache/webp/250_250_1/kukuruza_printsessa_vkusa_v_c_zh_b_425ml.webp,carefood_img\КУКУРУЗАПРИНЦЕССАВКУСАВCЖБ425МЛcarefood
КОНТЕЙНЕР ДЛЯ ЯИЦ (10ШТ) /24ШТ/ 361,/bitrix/templates/retail/components/bitrix/catalog.section/catalog-list/images/no_photo.png,carefood_img\КОНТЕЙНЕРДЛЯЯИЦ10ШТ24ШТ361carefood
НАБОР ORGANIC SHOP/ГЛУБ/ ОЧИЩ/ Д/ЛИЦА WOW SO CLEAN,/upload/resize_cache/webp/250_250_1/nabor_organic_shop_glub_ochishch_d_litsa_wow_so_clean.webp,carefood_img\НАБОРORGANICSHOPГЛУБОЧИЩДЛИЦАWOWSOCLEANcarefood
НАБОР ПОДАР.AURA EXTRA NUTRITION ГЕЛЬ Д/ДУША СЛИВ.+КРЕМ Д/РУК,/upload/resize_cache/webp/250_250_1/nabor_podar_aura_extra_nutrition_gel_d_dusha_sliv_krem_d_ruk.webp,carefood_img\НАБОРПОДАРAURAEXTRANUTRITIONГЕЛЬДДУШАСЛИВКРЕМДРУКcarefood
МАЙОНЕЗ 3 ЖЕЛАНИЯ САЛАТНЫЙ 20% 700 ГР,/upload/resize_cache/webp/250_250_1/mayonez_3_zhelaniya_salatnyy_20_700_gr.webp,carefood_img\МАЙОНЕЗ3ЖЕЛАНИЯСАЛАТНЫЙ20700ГРcarefood
КОЛБАСА БИЖАН САЛЯМИ ФИНСКАЯ П/К 500ГР,/upload/resize_cache/webp/250_250_1/kolbasa_bizhan_salyami_finskaya_p_k_500gr.webp,carefood_img\КОЛБАСАБИЖАНСАЛЯМИФИНСКАЯПК500ГРcarefood
НАБОР PANI WALEWSKA/ДЕЗОДОРАНТ+ДУХИ SWEET ROMANSE 90МЛ+30МЛ,/bitrix/templates/retail/components/bitrix/catalog.section/catalog-list/images/no_photo.png,carefood_img\НАБОРPANIWALEWSKAДЕЗОДОРАНТДУХИSWEETROMANSE90МЛ30МЛcarefood
НАБОР ORGANIC SHOP ПИТАТЕЛЬНЫЙ Д/ВОЛОС/ТЕЛА BEAUTY MILK,/upload/resize_cache/webp/250_250_1/nabor_organic_shop_pitatelnyy_d_volos_tela_beauty_milk.webp,carefood_img\НАБОРORGANICSHOPПИТАТЕЛЬНЫЙДВОЛОСТЕЛАBEAUTYMILKcarefood
САЛФЕТКИ ОСВЕЖ AMRA TRAVEL LONDON 120ШТ,/upload/resize_cache/webp/250_250_1/salfetki_osvezh_amra_travel_london_120sht.webp,carefood_img\САЛФЕТКИОСВЕЖAMRATRAVELLONDON120ШТcarefood
НАБОР ПОДАРОЧ.AURA VITAMIN MIX ГЕЛЬ Д/ДУША МАНГО+КРЕМ Д/РУК,/upload/resize_cache/webp/250_250_1/nabor_podaroch_aura_vitamin_mix_gel_d_dusha_mango_krem_d_ruk.webp,carefood_img\НАБОРПОДАРОЧAURAVITAMINMIXГЕЛЬДДУШАМАНГОКРЕМДРУКcarefood
КАРАМЕЛЬ РАХАТ АПЕЛЬСИН 200ГР,/bitrix/templates/retail/components/bitrix/catalog.section/catalog-list/images/no_photo.png,carefood_img\КАРАМЕЛЬРАХАТАПЕЛЬСИН200ГРcarefood
ГОРОШЕК ЗЕЛЕНЫЙ КОНСЕРВИРОВАННЫЙ Ж/Б BON AGRO 400ГР,/bitrix/templates/retail/components/bitrix/catalog.section/catalog-list/images/no_photo.png,carefood_img\ГОРОШЕКЗЕЛЕНЫЙКОНСЕРВИРОВАННЫЙЖБBONAGRO400ГРcarefood
ВИСКИ JACK DANIELS TN HONEY/2СТ 700МЛ 40%,/upload/resize_cache/webp/250_250_1/viski_jack_daniels_tn_honey_2st_700ml_40.webp,carefood_img\ВИСКИJACKDANIELSTNHONEY2СТ700МЛ40carefood
ЯЙЦО КАЗГЕР-КУС ПЕРВОЕ 30ШТ,/upload/resize_cache/webp/250_250_1/yaytso_kazger_kus_pervoe_30sht.webp,carefood_img\ЯЙЦОКАЗГЕРКУСПЕРВОЕ30ШТcarefood
НАБОР PANI WALEWSKA/ДЕЗОДОРАНТ+ДУХИ СLASSIC 90МЛ+30МЛ,/bitrix/templates/retail/components/bitrix/catalog.section/catalog-list/images/no_photo.png,carefood_img\НАБОРPANIWALEWSKAДЕЗОДОРАНТДУХИСLASSIC90МЛ30МЛcarefood
КАПУСТА VICI МОРСКАЯ В МАРИНАДЕ 240ГР,/upload/resize_cache/webp/250_250_1/kapusta_vici_morskaya_v_marinade_240gr.webp,carefood_img\КАПУСТАVICIМОРСКАЯВМАРИНАДЕ240ГРcarefood
ПОДАР.НАБОР SWEET LOVE ШАМ-НЬ SPA 300ML+СКРАБ 300MЛ NEW,/upload/resize_cache/webp/250_250_1/podar_nabor_sweet_love_sham_n_spa_300ml_skrab_300ml_new.webp,carefood_img\ПОДАРНАБОРSWEETLOVEШАМНЬSPA300MLСКРАБ300MЛNEWcarefood
ШЕЙКА ИНЕЙ НАРЕЗКА С/К 100ГР ВАК,/bitrix/templates/retail/components/bitrix/catalog.section/catalog-list/images/no_photo.png,carefood_img\ШЕЙКАИНЕЙНАРЕЗКАСК100ГРВАКcarefood
НАБОР ПОДАРОЧНЫЙ AURA BE HAPPY ГЕЛЬ Д/ДУША КОКОС+КРЕМ Д/РУК,/upload/resize_cache/webp/250_250_1/nabor_podarochnyy_aura_be_happy_gel_d_dusha_kokos_krem_d_ruk.webp,carefood_img\НАБОРПОДАРОЧНЫЙAURABEHAPPYГЕЛЬДДУШАКОКОСКРЕМДРУКcarefood
СЫР ЭКОНИВА КОЛЫБЕЛЬСКИЙ П/ТВ 45% 200ГР,/bitrix/templates/retail/components/bitrix/catalog.section/catalog-list/images/no_photo.png,carefood_img\СЫРЭКОНИВАКОЛЫБЕЛЬСКИЙПТВ45200ГРcarefood
КУКУРУЗА ТМ ASANYCH 3Ж/Б КЛЮЧ 425МЛ,/bitrix/templates/retail/components/bitrix/catalog.section/catalog-list/images/no_photo.png,carefood_img\КУКУРУЗАТМASANYCH3ЖБКЛЮЧ425МЛcarefood
МИНИ-АНАНАС ТАЙСКИЙ BEST THAI FRUITS 500ГР,/upload/resize_cache/webp/250_250_1/mini_ananas_tayskiy_best_thai_fruits_500gr.webp,carefood_img\МИНИАНАНАСТАЙСКИЙBESTTHAIFRUITS500ГРcarefood
СОЛЬ АРАЛТУЗ ПИЩЕВАЯ ЙОДИР ПОМОЛ №1 П/ПАК 1КГ,/upload/resize_cache/webp/250_250_1/sol_araltuz_pishchevaya_yodir_pomol_1_p_pak_1kg.webp,carefood_img\СОЛЬАРАЛТУЗПИЩЕВАЯЙОДИРПОМОЛ1ППАК1КГcarefood
СОК ДОБРЫЙ АПЕЛЬСИН 1Л,/upload/resize_cache/webp/250_250_1/sok_dobryy_apelsin_1l.webp,carefood_img\СОКДОБРЫЙАПЕЛЬСИН1Лcarefood
НАБОР ORGANIC SHOP МАСОК Д/ЛИЦА YOGURT FACE WONDER MASKS,/upload/resize_cache/webp/250_250_1/nabor_organic_shop_masok_d_litsa_yogurt_face_wonder_masks.webp,carefood_img\НАБОРORGANICSHOPМАСОКДЛИЦАYOGURTFACEWONDERMASKScarefood
"ВИСКИ JACK DANIELS SINGLE BARREL ЖЕЛЕЗНАЯ ПОДАР УП 40% 0,7Л",/upload/resize_cache/webp/250_250_1/viski_jack_daniels_single_barrel_zheleznaya_podar_up_40_0_7l.webp,carefood_img\ВИСКИJACKDANIELSSINGLEBARRELЖЕЛЕЗНАЯПОДАРУП4007Лcarefood
КРУАССАН ШТ 70 ГР (1974),/upload/resize_cache/webp/250_250_1/kruassan_sht_70_gr_1974.webp,carefood_img\КРУАССАНШТ70ГР1974carefood
БУЛОЧКА Д/ГАМБУРГЕРОВ АЛИЯ 115ММ 3ШТ,/upload/resize_cache/webp/250_250_1/bulochka_d_gamburgerov_aliya_115mm_3sht.webp,carefood_img\БУЛОЧКАДГАМБУРГЕРОВАЛИЯ115ММ3ШТcarefood
КОКОСОВАЯ СТРУЖКА 30ГР,/bitrix/templates/retail/components/bitrix/catalog.section/catalog-list/images/no_photo.png,carefood_img\КОКОСОВАЯСТРУЖКА30ГРcarefood
МАНГАЛ СБОРНЫЙ GOOD WOOD УНИВЕРС 400*300*400,/upload/resize_cache/webp/250_250_1/mangal_sbornyy_good_wood_univers_400_300_400.webp,carefood_img\МАНГАЛСБОРНЫЙGOODWOODУНИВЕРС400300400carefood
БУЛОЧКА С СЫРОМ ШТ 60 ГР (1906),/upload/resize_cache/webp/250_250_1/bulochka_s_syrom_sht_60_gr_1906.webp,carefood_img\БУЛОЧКАССЫРОМШТ60ГР1906carefood
STARTER ДРЕВЕСНЫЙ УГОЛЬ,/upload/resize_cache/webp/250_250_1/starter_drevesnyy_ugol.webp,carefood_img\STARTERДРЕВЕСНЫЙУГОЛЬcarefood
НАБОР ПОДАРОЧНЫЙ ORGANIC SHOP СПЯЩАЯ КРАСАВИЦА,/upload/resize_cache/webp/250_250_1/nabor_podarochnyy_organic_shop_spyashchaya_krasavitsa.webp,carefood_img\НАБОРПОДАРОЧНЫЙORGANICSHOPСПЯЩАЯКРАСАВИЦАcarefood
КОРОБКА КРАФТ ВЕСНА 20х20,/upload/resize_cache/webp/250_250_1/korobka_kraft_vesna_20kh20.webp,carefood_img\КОРОБКАКРАФТВЕСНА20х20carefood
БАНАНЫ ВЕС,/upload/resize_cache/webp/250_250_1/banany_ves.webp,carefood_img\БАНАНЫВЕСcarefood
"КОРЗИНКА , ФЕТРОВАЯ, БАБОЧКА",/upload/resize_cache/webp/250_250_1/korzinka_fetrovaya_babochka.webp,carefood_img\КОРЗИНКАФЕТРОВАЯБАБОЧКАcarefood
"ВОДКА FINLANDIA КАРТОН ПОДАР УП С 2МЯ БОКАЛАМИ 40% 0,7Л",/upload/resize_cache/webp/250_250_1/vodka_finlandia_karton_podar_up_s_2mya_bokalami_40_0_7l.webp,carefood_img\ВОДКАFINLANDIAКАРТОНПОДАРУПС2МЯБОКАЛАМИ4007Лcarefood
КАРАМЕЛЬ РАХАТ РАЧКИ 200ГР,/bitrix/templates/retail/components/bitrix/catalog.section/catalog-list/images/no_photo.png,carefood_img\КАРАМЕЛЬРАХАТРАЧКИ200ГРcarefood
"ВИСКИ GENTLEMAN JACK FCK ПОДАР УП 40% 0,7Л",/upload/resize_cache/webp/250_250_1/viski_gentleman_jack_fck_podar_up_40_0_7l.webp,carefood_img\ВИСКИGENTLEMANJACKFCKПОДАРУП4007Лcarefood
КОРОБКА КРАФТ ВЕСНА 25х25,/upload/resize_cache/webp/250_250_1/korobka_kraft_vesna_25kh25.webp,carefood_img\КОРОБКАКРАФТВЕСНА25х25carefood
ПРОДУКТ СЫРНЫЙ ЧЕДДЕР ПЛАВЫЧ 250ГР,/upload/resize_cache/webp/250_250_1/produkt_syrnyy_chedder_plavych_250gr.webp,carefood_img\ПРОДУКТСЫРНЫЙЧЕДДЕРПЛАВЫЧ250ГРcarefood
НАБОР PANI WALEWSKA/ШАМПУНЬ+КОНДИЦИОНЕР 300МЛ+150МЛ,/bitrix/templates/retail/components/bitrix/catalog.section/catalog-list/images/no_photo.png,carefood_img\НАБОРPANIWALEWSKAШАМПУНЬКОНДИЦИОНЕР300МЛ150МЛcarefood
СЫР БЕЛОВЕЖСКИЕ СЫРЫ ГАУДА П/ТВ 45% ВЕС,/bitrix/templates/retail/components/bitrix/catalog.section/catalog-list/images/no_photo.png,carefood_img\СЫРБЕЛОВЕЖСКИЕСЫРЫГАУДАПТВ45ВЕСcarefood
МУКА DANI НАН В/С 2КГ,/upload/resize_cache/webp/250_250_1/muka_dani_nan_v_s_2kg.webp,carefood_img\МУКАDANIНАНВС2КГcarefood
БУЛОЧКА ФИНСКАЯ ШТ 100 ГР (1916),/upload/resize_cache/webp/250_250_1/bulochka_finskaya_sht_100_gr_1916.webp,carefood_img\БУЛОЧКАФИНСКАЯШТ100ГР1916carefood
МЯКОТЬ ТАЙСКОГО МОЛОДОГО КОКОСА BEST THAI FRUITS 500ГР,/upload/resize_cache/webp/250_250_1/myakot_tayskogo_molodogo_kokosa_best_thai_fruits_500gr.webp,carefood_img\МЯКОТЬТАЙСКОГОМОЛОДОГОКОКОСАBESTTHAIFRUITS500ГРcarefood
"ВОДКА БЕЛУГА НОБЛ ПРОМОНАБОР+1СТАКАН 40% 0,7Л",/upload/resize_cache/webp/250_250_1/vodka_beluga_nobl_promonabor_1stakan_40_0_7l.webp,carefood_img\ВОДКАБЕЛУГАНОБЛПРОМОНАБОР1СТАКАН4007Лcarefood
ИРИС БОТАГОЗ ВЕС 200ГР,/bitrix/templates/retail/components/bitrix/catalog.section/catalog-list/images/no_photo.png,carefood_img\ИРИСБОТАГОЗВЕС200ГРcarefood
"ВЕРМУТ MARTINI FIERO 0,75 Л 14,9% + TONIC СТ/Б",/upload/resize_cache/webp/250_250_1/vermut_martini_fiero_0_75_l_14_9_tonic_st_b.webp,carefood_img\ВЕРМУТMARTINIFIERO075Л149TONICСТБcarefood
"МОЛОКО ПРОДУКТЫ НАШИХ ФЕРМ УЛЬТРАПАСТЕР 3,2% ТВА 950ГР",/upload/resize_cache/webp/250_250_1/074a455763e711e782507085c20d0d50_1bb1c1e6827b11edbfa400155d006401.webp,carefood_img\МОЛОКОПРОДУКТЫНАШИХФЕРМУЛЬТРАПАСТЕР32ТВА950ГРcarefood
БОНДЮЭЛЬ КУКУРУЗА ЗОЛОТИСТАЯ 500МЛ,/bitrix/templates/retail/components/bitrix/catalog.section/catalog-list/images/no_photo.png,carefood_img\БОНДЮЭЛЬКУКУРУЗАЗОЛОТИСТАЯ500МЛcarefood
ТЕСТО DIAMANT СЛОЕНОЕ 500ГР,/upload/resize_cache/webp/250_250_1/testo_diamant_sloenoe_500gr.webp,carefood_img\ТЕСТОDIAMANTСЛОЕНОЕ500ГРcarefood
ЯБЛОКИ ГРЕНИ СМИТ ЗЕЛЕНЫЕ ВЕС,/upload/resize_cache/webp/250_250_1/yabloki_greni_smit_zelenye_ves.webp,carefood_img\ЯБЛОКИГРЕНИСМИТЗЕЛЕНЫЕВЕСcarefood
ПОДАРОЧНЫЙ НАБОР FRESH NATURE №1 ШАМ-НЬ SPA 300МЛ+СКРАБ 300МЛ,/upload/resize_cache/webp/250_250_1/podarochnyy_nabor_fresh_nature_1_sham_n_spa_300ml_skrab_300ml.webp,carefood_img\ПОДАРОЧНЫЙНАБОРFRESHNATURE1ШАМНЬSPA300МЛСКРАБ300МЛcarefood
БУЛОЧКА ДОМАШНЯЯ С ЯБЛОКАМИ ШТ 70 ГР (1893),/upload/resize_cache/webp/250_250_1/40a55a76661311e780b70cc47a9a8711_422aaf13a1e211edbfa600155d006401.webp,carefood_img\БУЛОЧКАДОМАШНЯЯСЯБЛОКАМИШТ70ГР1893carefood
"ВОДКА РУССКИЙ СТАНДАРТ ГОЛД В ПОДАР УП 40% 0,7Л",/upload/resize_cache/webp/250_250_1/vodka_russkiy_standart_gold_v_podar_up_40_0_7l.webp,carefood_img\ВОДКАРУССКИЙСТАНДАРТГОЛДВПОДАРУП4007Лcarefood
НАБОР ПОДАР. PANTENE ШАМПУНЬ 400МЛ+БАЛЬЗАМ/ОПОЛАСК 360МЛ,/upload/resize_cache/webp/250_250_1/nabor_podar_pantene_shampun_400ml_balzam_opolask_360ml.webp,carefood_img\НАБОРПОДАРPANTENEШАМПУНЬ400МЛБАЛЬЗАМОПОЛАСК360МЛcarefood
КОНВЕРТИК С ЯБЛОКОМ И КОРИЦЕЙ ШТ 1/70 ГР (1952),/upload/resize_cache/webp/250_250_1/konvertik_s_yablokom_i_koritsey_sht_1_70_gr_1952.webp,carefood_img\КОНВЕРТИКСЯБЛОКОМИКОРИЦЕЙШТ170ГР1952carefood
ТОМАТЫ МАРИНОВАННЫЕ ИВАНЫЧ ЧЕРРИ 670МЛ,/upload/resize_cache/webp/250_250_1/tomaty_marinovannye_ivanych_cherri_670ml.webp,carefood_img\ТОМАТЫМАРИНОВАННЫЕИВАНЫЧЧЕРРИ670МЛcarefood
НАБОР PANI WALEWSKAДЕЗОДОРАНТ+ДУХИ WHITE 90МЛ+30МЛ,/bitrix/templates/retail/components/bitrix/catalog.section/catalog-list/images/no_photo.png,carefood_img\НАБОРPANIWALEWSKAДЕЗОДОРАНТДУХИWHITE90МЛ30МЛcarefood
"ВИСКИ JACK DANIELS TW ПОДАР УП ГИТАРА 40% 0,7Л",/upload/resize_cache/webp/250_250_1/viski_jack_daniels_tw_podar_up_gitara_40_0_7l.webp,carefood_img\ВИСКИJACKDANIELSTWПОДАРУПГИТАРА4007Лcarefood
ТОМАТЫ ТЕПЛИЧНЫЕ ВЕС,/upload/resize_cache/webp/85pozpdtxl3b4jvsozxxbf8q4l8tvt6x/tomaty_teplichnye_ves.webp,carefood_img\ТОМАТЫТЕПЛИЧНЫЕВЕСcarefood
СЫР БРЕСТ ЛИТОВСК СЛИВОЧНЫЙ 150ГР,/upload/resize_cache/webp/250_250_1/syr_brest_litovsk_slivochnyy_150gr.webp,carefood_img\СЫРБРЕСТЛИТОВСКСЛИВОЧНЫЙ150ГРcarefood
КУКУРУЗА КОНСЕРВИРОВАННАЯ В ЗЕРНАХ Ж/Б BON AGRO 400ГР,/bitrix/templates/retail/components/bitrix/catalog.section/catalog-list/images/no_photo.png,carefood_img\КУКУРУЗАКОНСЕРВИРОВАННАЯВЗЕРНАХЖБBONAGRO400ГРcarefood
"ВИСКИ JACK DANIELS TW ЖЕЛЕЗНАЯ ПОДАР УП 40% 0,7Л",/upload/resize_cache/webp/250_250_1/viski_jack_daniels_tw_zheleznaya_podar_up_40_0_7l.webp,carefood_img\ВИСКИJACKDANIELSTWЖЕЛЕЗНАЯПОДАРУП4007Лcarefood
ПОСЫПКА КОНДИТЕРСКАЯ ФИГУРНАЯ РАССВЕТ 7ГР,/upload/resize_cache/webp/250_250_1/posypka_konditerskaya_figurnaya_rassvet_7gr.webp,carefood_img\ПОСЫПКАКОНДИТЕРСКАЯФИГУРНАЯРАССВЕТ7ГРcarefood
НАБОР PANI WALEWSKA/ КРЕМ ПРОТИВ МОРЩИН +ДУХИ СLASSIC 50МЛ+30МЛ,/bitrix/templates/retail/components/bitrix/catalog.section/catalog-list/images/no_photo.png,carefood_img\НАБОРPANIWALEWSKAКРЕМПРОТИВМОРЩИНДУХИСLASSIC50МЛ30МЛcarefood
НАБОР ORGANIC SHOP ПРЕОБРАЖ/ Д/ЛИЦА YOU ARE PERFECT,/upload/resize_cache/webp/250_250_1/nabor_organic_shop_preobrazh_d_litsa_you_are_perfect.webp,carefood_img\НАБОРORGANICSHOPПРЕОБРАЖДЛИЦАYOUAREPERFECTcarefood
СОСИСКИ ДЕМДI ХАЛАЛ ВЕС,/upload/resize_cache/webp/250_250_1/sosiski_demdi_khalal_ves.webp,carefood_img\СОСИСКИДЕМДIХАЛАЛВЕСcarefood
СЫР ПРАВИЛЬНЫЙ БУТЕРБРОД КИПРИНО 50% 180ГР ФУЛ/П,/bitrix/templates/retail/components/bitrix/catalog.section/catalog-list/images/no_photo.png,carefood_img\СЫРПРАВИЛЬНЫЙБУТЕРБРОДКИПРИНО50180ГРФУЛПcarefood
ДЕЛИКАТЕС ЦАРИЦЫНО КОРЕЙКА НАРЕЗКА С/К 150ГР,/upload/resize_cache/webp/250_250_1/delikates_tsaritsyno_koreyka_narezka_s_k_150gr.webp,carefood_img\ДЕЛИКАТЕСЦАРИЦЫНОКОРЕЙКАНАРЕЗКАСК150ГРcarefood
НЕКТАР BARINOFF ТЫКВА С МЯКОТЬЮ ДЛЯ ВСЕЙ СЕМЬИ 1Л СТ/Б,/upload/resize_cache/webp/250_250_1/nektar_barinoff_tykva_s_myakotyu_dlya_vsey_semi_1l_st_b.webp,carefood_img\НЕКТАРBARINOFFТЫКВАСМЯКОТЬЮДЛЯВСЕЙСЕМЬИ1ЛСТБcarefood
НАПИТОК ПЕПСИ 2Л,/upload/resize_cache/webp/250_250_1/napitok_pepsi_2l.webp,carefood_img\НАПИТОКПЕПСИ2Лcarefood
"ВИСКИ JIM BEAM WHITE 40% 0,7Л",/upload/resize_cache/webp/250_250_1/viski_jim_beam_white_40_0_7l.webp,carefood_img\ВИСКИJIMBEAMWHITE4007Лcarefood
"СОК CRACIO АНАНАС 0,95Л",/upload/resize_cache/webp/250_250_1/sok_cracio_ananas_0_95l.webp,carefood_img\СОКCRACIOАНАНАС095Лcarefood
МАЙОНЕЗ МАХЕЕВЪ С ПЕРЕПЕЛИНЫМ ЯЙЦОМ Д/П ДОЗ 67% 190ГР,/upload/resize_cache/webp/250_250_1/mayonez_makheev_s_perepelinym_yaytsom_d_p_doz_67_190gr.webp,carefood_img\МАЙОНЕЗМАХЕЕВЪСПЕРЕПЕЛИНЫМЯЙЦОМДПДОЗ67190ГРcarefood
МУКА ЦЕСНА В/С 2КГ,/upload/resize_cache/webp/250_250_1/muka_tsesna_v_s_2kg.webp,carefood_img\МУКАЦЕСНАВС2КГcarefood
ПОДАР.НАБОР SWEET ROSE Ш-НЬ SPA +БАЛЬЗАМ Д/ВОЛОС 300МЛ NEW,/upload/resize_cache/webp/250_250_1/podar_nabor_sweet_rose_sh_n_spa_balzam_d_volos_300ml_new.webp,carefood_img\ПОДАРНАБОРSWEETROSEШНЬSPAБАЛЬЗАМДВОЛОС300МЛNEWcarefood
ПОСЫПКА КОНДИТЕРСКАЯ ШАРИКИ 7ГР,/upload/resize_cache/webp/250_250_1/posypka_konditerskaya_shariki_7gr.webp,carefood_img\ПОСЫПКАКОНДИТЕРСКАЯШАРИКИ7ГРcarefood
НАБОР ПОДАРОЧНЫЙ ORGANIC SHOP ВОЛШЕБНЫЙ ЭЛИКСИР,/upload/resize_cache/webp/250_250_1/nabor_podarochnyy_organic_shop_volshebnyy_eliksir.webp,carefood_img\НАБОРПОДАРОЧНЫЙORGANICSHOPВОЛШЕБНЫЙЭЛИКСИРcarefood
МАНГО FRESH IMPORT ЗАМ 950ГР,/bitrix/templates/retail/components/bitrix/catalog.section/catalog-list/images/no_photo.png,carefood_img\МАНГОFRESHIMPORTЗАМ950ГРcarefood
ГОРОШЕК ЗЕЛЕНЫЙ ТМ ASANYCH Ж/Б КЛЮЧ 425МЛ,/bitrix/templates/retail/components/bitrix/catalog.section/catalog-list/images/no_photo.png,carefood_img\ГОРОШЕКЗЕЛЕНЫЙТМASANYCHЖБКЛЮЧ425МЛcarefood
КАЗЫ В/К КУСКОВ В/У БИЖАН ВЕС,/upload/resize_cache/webp/250_250_1/kazy_v_k_kuskov_v_u_bizhan_ves.webp,carefood_img\КАЗЫВККУСКОВВУБИЖАНВЕСcarefood
СКОВОРОДА НМП ЛИТАЯ БЛИННАЯ КОТ 22 ПР АРТ 6222КТ,/upload/resize_cache/webp/250_250_1/skovoroda_nmp_litaya_blinnaya_kot_22_pr_art_6222kt.webp,carefood_img\СКОВОРОДАНМПЛИТАЯБЛИННАЯКОТ22ПРАРТ6222КТcarefood
СКОВОРОДА НМП ЛИТАЯ БЛИННАЯ СОЛНЦЕ 24 ПР АРТ 6224СЛ,/upload/resize_cache/webp/250_250_1/skovoroda_nmp_litaya_blinnaya_solntse_24_pr_art_6224sl.webp,carefood_img\СКОВОРОДАНМПЛИТАЯБЛИННАЯСОЛНЦЕ24ПРАРТ6224СЛcarefood
СКОВОРОДА НМП TITAN КВАДРАТ ГРИЛЬ ПОЛ-КЕРАМ С/Р 28 АРТ94028G,/upload/resize_cache/webp/250_250_1/skovoroda_nmp_titan_kvadrat_gril_pol_keram_s_r_28_art94028g.webp,carefood_img\СКОВОРОДАНМПTITANКВАДРАТГРИЛЬПОЛКЕРАМСР28АРТ94028Gcarefood
СКОВОРОДА НМП ЛИТАЯ ИНДУКЦИЯ C/Р 28 АРТ L08028I,/upload/resize_cache/webp/250_250_1/4630055754366.webp,carefood_img\СКОВОРОДАНМПЛИТАЯИНДУКЦИЯCР28АРТL08028Icarefood
КАСТРЮЛЯ НМП КАЗАН ПР ЛИТАЯ С КРЫШКОЙ-СКОВОРОДОЙ 3Л АРТ 6830,/upload/resize_cache/webp/250_250_1/kastryulya_nmp_kazan_pr_litaya_s_kryshkoy_skovorodoy_3l_art_6830.webp,carefood_img\КАСТРЮЛЯНМПКАЗАНПРЛИТАЯСКРЫШКОЙСКОВОРОДОЙ3ЛАРТ6830carefood
ШАШЛЫК ИЗ БАРАНИНЫ МАРИНОВ П/Ф (1444),/upload/resize_cache/webp/250_250_1/shashlyk_iz_baraniny_marinov_p_f_1444.webp,carefood_img\ШАШЛЫКИЗБАРАНИНЫМАРИНОВПФ1444carefood
ШКАТУЛКА ДЛЯ УКРАШЕНИЙ № 0122,/upload/resize_cache/webp/250_250_1/shkatulka_dlya_ukrasheniy_0122.webp,carefood_img\ШКАТУЛКАДЛЯУКРАШЕНИЙ0122carefood
ШКАТУЛКА №67-20-21,/upload/resize_cache/webp/250_250_1/shkatulka_67_20_21.webp,carefood_img\ШКАТУЛКА672021carefood
ШКАТУЛКА ДЛЯ УКРАШЕНИЙ № ЦВЕТЫ №2,/upload/resize_cache/webp/250_250_1/shkatulka_dlya_ukrasheniy_tsvety_2.webp,carefood_img\ШКАТУЛКАДЛЯУКРАШЕНИЙЦВЕТЫ2carefood
ШКАТУЛКА №0116,/upload/resize_cache/webp/250_250_1/shkatulka_0116.webp,carefood_img\ШКАТУЛКА0116carefood
ШКАТУЛКА КОМОД БОЛЬШАЯ,/upload/resize_cache/webp/250_250_1/shkatulka_komod_bolshaya.webp,carefood_img\ШКАТУЛКАКОМОДБОЛЬШАЯcarefood
ШКАТУЛКА ДЛЯ УКРАШЕНИЙ № 0179,/upload/resize_cache/webp/250_250_1/shkatulka_dlya_ukrasheniy_0179.webp,carefood_img\ШКАТУЛКАДЛЯУКРАШЕНИЙ0179carefood
ШКАТУЛКА ДЛЯ УКРАШЕНИЙ № 030-1,/upload/resize_cache/webp/250_250_1/shkatulka_dlya_ukrasheniy_030_1.webp,carefood_img\ШКАТУЛКАДЛЯУКРАШЕНИЙ0301carefood
ШКАТУЛКА ДЛЯ УКРАШЕНИЙ № ЦВЕТЫ №1,/upload/resize_cache/webp/250_250_1/shkatulka_dlya_ukrasheniy_tsvety_1.webp,carefood_img\ШКАТУЛКАДЛЯУКРАШЕНИЙЦВЕТЫ1carefood
ВОДА VITA НЕГАЗ 5Л,/upload/resize_cache/webp/250_250_1/voda_vita_negaz_5l.webp,carefood_img\ВОДАVITAНЕГАЗ5Лcarefood
ШКАТУЛКА АРТ620,/upload/resize_cache/webp/250_250_1/shkatulka_art620.webp,carefood_img\ШКАТУЛКААРТ620carefood
НАПИТОК ПЕПСИ 1Л,/upload/resize_cache/webp/250_250_1/napitok_pepsi_1l.webp,carefood_img\НАПИТОКПЕПСИ1Лcarefood
